{"best_accuracy": 0.8750530721174259, "train_history": {"train_loss": [3.3388428501427745, 2.241373318833665, 1.731722451627445, 1.5385001497908521, 1.4415730279855454, 1.3911989961569302, 1.3038487025914482, 1.2400446902639188, 1.1896773551028377, 1.1510534045604852, 1.115000476185887, 1.0827122233546198, 1.0604036092377318, 1.0403178526570622, 1.0204113329561373, 0.9997631623722113, 0.9861703783559342, 0.9728699451246963, 0.9613471660560693, 0.943761871836056, 0.9308351982896701, 0.9203259686882884, 0.9056519257565276, 0.8990250358375879, 0.8883650519977362, 0.8789510814526591, 0.8717812377804766, 0.8600071640060352, 0.852819490070922, 0.8466576015035184, 0.8360259136833703, 0.8281178201158969, 0.8192316756461756, 0.8151810302521093, 0.8109901732149215, 0.8030519916797979, 0.796645890123928, 0.7921631552350407, 0.7856663065596511, 0.7806546911835289, 0.7746870203520924, 0.7688052740912087, 0.7659600836971697, 0.7617761336576444, 0.7567217773713243, 0.7554825091133484, 0.7529216901943706, 0.7507706226441807, 0.7481451483961111, 0.7466057221919965, 0.7447432465256213, 0.7436089783240432, 0.7422478012383555, 0.7417250598391024, 0.7401194831433768, 0.7401360948436176, 0.7391609623790169, 0.7386868531330706, 0.7382341122474915, 0.7379122627809787], "train_acc": [0.14738917731629392, 0.457243410543131, 0.6311152156549521, 0.7013528354632588, 0.7420876597444089, 0.7565644968051118, 0.7915834664536742, 0.81439696485623, 0.8330670926517572, 0.8483676118210862, 0.8601737220447284, 0.8718051118210862, 0.8808156948881789, 0.8889776357827476, 0.8950179712460063, 0.9016323881789138, 0.9066992811501597, 0.9119658546325878, 0.916383785942492, 0.9238218849840255, 0.9267422124600639, 0.9310353434504792, 0.9369508785942492, 0.939821285942492, 0.9433406549520766, 0.9474590654952076, 0.949006589456869, 0.9538238817891374, 0.9563198881789138, 0.9585163738019169, 0.9625848642172524, 0.9657797523961661, 0.96875, 0.9707717651757188, 0.971595447284345, 0.9749400958466453, 0.9771116214057508, 0.9790335463258786, 0.9808805910543131, 0.9836012380191693, 0.9850489217252396, 0.9875199680511182, 0.9885433306709265, 0.9903654153354633, 0.9922623801916933, 0.9926867012779552, 0.993560303514377, 0.9941593450479234, 0.9953823881789138, 0.9956070287539937, 0.9965555111821086, 0.9966303913738019, 0.9973292731629393, 0.997254392971246, 0.9979283146964856, 0.9979283146964856, 0.9984275159744409, 0.9984524760383386, 0.9985023961661342, 0.9988019169329073], "test_loss": [2.5672139742581646, 1.7818341802103175, 1.5992851187766788, 1.4615445195735604, 1.429437748360693, 1.4088568499735128, 1.4180136665737115, 1.2836153274410496, 1.3216570350553611, 1.2758067260699846, 1.2767419506321034, 1.2338487879476676, 1.2543572022134426, 1.2423811080334741, 1.230424740825391, 1.202239305664889, 1.2240481671869354, 1.2319164248936358, 1.216350372799128, 1.2422739982952045, 1.2181543312592193, 1.2011726264950142, 1.2197884633208937, 1.217424922442938, 1.2269930821100794, 1.2564223802942167, 1.2091705380239792, 1.2345159668539787, 1.2280619005903275, 1.2298581153633394, 1.2337697535335688, 1.2561250792818202, 1.3082164179716969, 1.2437453792723805, 1.2280064470057794, 1.2252710060938237, 1.2337712366035638, 1.2318549531885858, 1.2422374408616879, 1.2445310464787167, 1.2531177365570916, 1.272664699906135, 1.2390941671976046, 1.2651928659783143, 1.2844790579544274, 1.2834013386898349, 1.2976478965053813, 1.2677578551980242, 1.273596253751978, 1.2847594697718234, 1.284527708373929, 1.2815646608697064, 1.279669026829008, 1.2844468468336192, 1.284605521115148, 1.2836217852483895, 1.2818816580158965, 1.2813487599688056, 1.2812048859540432, 1.281271860194176], "test_acc": [0.37835870685995027, 0.62255110086735, 0.680414872323649, 0.7404015284769818, 0.7494389519014981, 0.7627827985685691, 0.7586583368714745, 0.810214108085158, 0.792988415114939, 0.8118517619942985, 0.8112452235094316, 0.8259841086916965, 0.8248923394189361, 0.8309577242676047, 0.8325347243282586, 0.8436343786013223, 0.839995147692121, 0.8378116091466004, 0.8424213016315886, 0.8412688785103415, 0.8487293018742039, 0.852004609692485, 0.847758840298417, 0.8510948019651847, 0.851034148116698, 0.8463638017832231, 0.8611633408139746, 0.8532783405107054, 0.8523078789349184, 0.8541881482380057, 0.8574028022078001, 0.854127494389519, 0.8439376478437557, 0.8590404561169406, 0.8642566870867957, 0.8656517256019894, 0.8672893795111299, 0.8658943409959362, 0.8688057257232972, 0.8675926487535635, 0.8664402256323164, 0.8646812640262025, 0.8740826105416388, 0.869230302662704, 0.8677139564505368, 0.8675926487535635, 0.8650451871171225, 0.8726269181779583, 0.8721416873900649, 0.8712925335112512, 0.8708073027233578, 0.8740219566931522, 0.8742039182386122, 0.8739006489961788, 0.8746891490265057, 0.8735367259052587, 0.8750530721174259, 0.8747498028749924, 0.874446533632559, 0.8743858797840723], "lr": [5e-05, 0.00014, 0.00022999999999999998, 0.00031999999999999997, 0.00041, 0.0005, 0.0004995922759815339, 0.0004983704338371376, 0.0004963384589619233, 0.0004935029792355834, 0.0004898732434036244, 0.00048546109090988126, 0.00048028091327871256, 0.0004743496071728396, 0.00046768651927994433, 0.0004603133832077953, 0.0004522542485937369, 0.00044353540265977065, 0.00043418528446910123, 0.00042423439216382345, 0.00041371518348632134, 0.00040266196990885957, 0.00039111080471669233, 0.0003790993654097405, 0.00036666683080641843, 0.0003538537532504716, 0.0003407019263376602, 0.00032725424859373687, 0.00031355458354837175, 0.0002996476166614363, 0.00028557870956832124, 0.00027139375211970986, 0.00025713901269842405, 0.0002428609873015759, 0.00022860624788029, 0.00021442129043167867, 0.00020035238333856358, 0.00018644541645162826, 0.0001727457514062631, 0.00015929807366233967, 0.00014614624674952838, 0.00013333316919358153, 0.0001209006345902595, 0.00010888919528330772, 9.733803009114049e-05, 8.628481651367871e-05, 7.576560783617663e-05, 6.581471553089871e-05, 5.646459734022935e-05, 4.77457514062632e-05, 3.9686616792204705e-05, 3.231348072005573e-05, 2.5650392827160378e-05, 1.9719086721287488e-05, 1.4538909090118839e-05, 1.0126756596375653e-05, 6.49702076441663e-06, 3.6615410380767247e-06, 1.6295661628624438e-06, 4.0772401846608773e-07]}}